,g1,g2,g3,type,Wnt,FGF,TrackID
0,0.04051,0.10749,1.12057,b,0.3412903695687899,0.2357807068815214,1000108194.0
