,g1,g2,g3,type,Wnt,FGF,TrackID
0,0.04264,0.11436,1.07931,b,0.2971803639769768,0.2864195629340026,1000096423.0
