,g1,g2,g3,type,Wnt,FGF,TrackID
0,0.02651,0.09532,1.48613,b,0.9068828667227908,0.1458805565613508,1000096418.0
