,g1,g2,g3,type,Wnt,FGF,TrackID
0,0.03822,0.11863,1.16095,b,0.4337575210542762,0.3329325054262801,1000096249.0
