,g1,g2,g3,type,Wnt,FGF,TrackID
0,0.03929,0.10834,1.1436,b,0.3793137871270832,0.2466500824669344,1000092911.0
