,g1,g2,g3,type,Wnt,FGF,TrackID
0,0.04161,0.10963,1.09936,b,0.3149233191942067,0.2506835530822539,1000096331.0
