,g1,g2,g3,type,Wnt,FGF,TrackID
0,0.03226,0.10419,1.3054,b,0.6255342997980715,0.2280110910060166,1000096410.0
