,g1,g2,g3,type,Wnt,FGF,TrackID
0,0.04023,0.09876,1.12984,b,0.3277678080728349,0.1569979237455211,1000092813.0
