,g1,g2,g3,type,Wnt,FGF,TrackID
0,0.05432,0.12163,0.9082,b,0.0620470180494709,0.3069139104737859,1000096374.0
