,g1,g2,g3,type,Wnt,FGF,TrackID
0,0.0423,0.09052,1.09622,b,0.2458203380313537,0.0668129122788057,1000092904.0
