,g1,g2,g3,type,Wnt,FGF,TrackID
0,0.04654,0.121,1.01353,b,0.2145105372939366,0.3258543975319913,1000096424.0
