,g1,g2,g3,type,Wnt,FGF,TrackID
0,0.025,0.16625,1.51744,b,1.1209808244229122,0.6435966345124271,1000108469.0
