,g1,g2,g3,type,Wnt,FGF,TrackID
0,0.03743,0.09873,1.1858,b,0.4147066229759197,0.1648919743880772,1000096115.0
