,g1,g2,g3,type,Wnt,FGF,TrackID
0,0.02659,0.09562,1.48298,b,0.9023439717056688,0.1490959869384867,1000096325.0
