,g1,g2,g3,type,Wnt,FGF,TrackID
0,0.03085,0.10204,1.34498,b,0.6845516652774272,0.2106625074718859,1000093095.0
