,g1,g2,g3,type,Wnt,FGF,TrackID
0,0.02888,0.13581,1.39066,b,0.8476675513144174,0.4724287305396892,1000108715.0
