,g1,g2,g3,type,Wnt,FGF,TrackID
0,0.02342,0.09171,1.60925,b,1.1249881778412565,0.0954418446154623,1000095746.0
