,g1,g2,g3,type,Wnt,FGF,TrackID
0,0.0285,0.10375,1.41497,b,0.809956724342856,0.2279576317192679,1000108197.0
