,g1,g2,g3,type,Wnt,FGF,TrackID
0,0.0254,0.09742,1.52592,b,0.9876924280257228,0.1639642590473696,1000096290.0
