,g1,g2,g3,type,Wnt,FGF,TrackID
0,0.04061,0.10307,1.12056,b,0.3277678080728349,0.1962329501182846,1000093084.0
