,g1,g2,g3,type,Wnt,FGF,TrackID
0,0.04265,0.11123,1.08037,b,0.2904716458185019,0.2609359214656182,1000096334.0
