,g1,g2,g3,type,Wnt,FGF,TrackID
0,0.02551,0.09592,1.5225,b,0.9757994144120083,0.1494124598628139,1000092282.0
