,g1,g2,g3,type,Wnt,FGF,TrackID
0,0.03084,0.12343,1.33644,b,0.7294136292298753,0.3856178319650055,1000096376.0
