,g1,g2,g3,type,Wnt,FGF,TrackID
0,0.05705,0.11223,0.88032,b,0.0,0.2250057464365325,1000093088.0
