,g1,g2,g3,type,Wnt,FGF,TrackID
0,0.04461,0.11512,1.04595,b,0.2487644341344888,0.2864195629340026,1000096261.0
