,g1,g2,g3,type,Wnt,FGF,TrackID
0,0.04229,0.10987,1.08726,b,0.2971803639769768,0.2506835530822539,1000096096.0
