,g1,g2,g3,type,Wnt,FGF,TrackID
0,0.03051,0.08782,1.36186,b,0.6590617008737283,0.0668129122788057,1000092045.0
