,g1,g2,g3,type,Wnt,FGF,TrackID
0,0.03426,0.11636,1.24963,b,0.5691247085184735,0.3257393063467182,1000108521.0
