,g1,g2,g3,type,Wnt,FGF,TrackID
0,0.03653,0.12624,1.19393,b,0.5032310329109433,0.3936065165812985,1000096373.0
