,g1,g2,g3,type,Wnt,FGF,TrackID
0,0.027,0.12263,1.45723,b,0.9366542860671644,0.380809987163101,1000108525.0
