,g1,g2,g3,type,Wnt,FGF,TrackID
0,0.04282,0.11129,1.07747,b,0.2862392015038452,0.2609359214656182,1000096222.0
