,g1,g2,g3,type,Wnt,FGF,TrackID
0,0.03276,0.12098,1.28545,b,0.6389428943919051,0.3643032450964962,1000108650.0
