,g1,g2,g3,type,Wnt,FGF,TrackID
0,0.04707,0.11934,1.0061,b,0.1996220760234749,0.3117001588918657,1000096383.0
