,g1,g2,g3,type,Wnt,FGF,TrackID
0,0.02529,0.08674,1.53604,b,0.9633406276479686,0.0505504756204226,1000096295.0
