,g1,g2,g3,type,Wnt,FGF,TrackID
0,0.02708,0.10116,1.46311,b,0.8863841296024841,0.2034549219941648,1000096320.0
