,g1,g2,g3,type,Wnt,FGF,TrackID
0,0.05141,0.10635,0.95089,b,0.0847768115911459,0.192031998500827,1000092816.0
