,g1,g2,g3,type,Wnt,FGF,TrackID
0,0.02893,0.13766,1.38865,b,0.8476675513144174,0.4843526112305435,1000108649.0
