,g1,g2,g3,type,Wnt,FGF,TrackID
0,0.0257,0.09066,1.51809,b,0.9469217995567984,0.0954418446154623,1000096239.0
