,g1,g2,g3,type,Wnt,FGF,TrackID
0,0.05058,0.11604,0.95787,b,0.1208015748897402,0.2753581399934662,1000096318.0
