,g1,g2,g3,type,Wnt,FGF,TrackID
0,0.03551,0.11015,1.22278,b,0.509187124708309,0.2724180020958014,1000108255.0
