,g1,g2,g3,type,Wnt,FGF,TrackID
0,0.02609,0.09977,1.49925,b,0.9469217995567984,0.1885583539867896,1000093023.0
