,g1,g2,g3,type,Wnt,FGF,TrackID
0,0.02844,0.08772,1.42483,b,0.7668959563118511,0.0668129122788057,1000092221.0
