,g1,g2,g3,type,Wnt,FGF,TrackID
0,0.05848,0.12477,0.85987,b,0.0,0.3177343282890479,1000092908.0
