,g1,g2,g3,type,Wnt,FGF,TrackID
0,0.0508,0.10744,0.95841,b,0.0988065807082487,0.2034405355960057,1000093085.0
