,g1,g2,g3,type,Wnt,FGF,TrackID
0,0.03617,0.10124,1.21183,b,0.4643545664123154,0.192031998500827,1000092767.0
