,g1,g2,g3,type,Wnt,FGF,TrackID
0,0.03603,0.09936,1.21582,b,0.4643545664123154,0.1747108984722352,1000092910.0
