,g1,g2,g3,type,Wnt,FGF,TrackID
0,0.0328,0.10835,1.28945,b,0.6120002511851783,0.2634138272127071,1000092276.0
