,g1,g2,g3,type,Wnt,FGF,TrackID
0,0.02674,0.14225,1.45962,b,0.9806349904890032,0.5123663192053656,1000108651.0
