,g1,g2,g3,type,Wnt,FGF,TrackID
0,0.03521,0.11451,1.22788,b,0.5292912352029283,0.3088174846016479,1000093149.0
