,g1,g2,g3,type,Wnt,FGF,TrackID
0,0.04479,0.11471,1.04332,b,0.2437717871897345,0.2826520438601421,1000096328.0
