,g1,g2,g3,type,Wnt,FGF,TrackID
0,0.03109,0.10055,1.33887,b,0.6692852093050807,0.1964445184648677,1000108468.0
