,g1,g2,g3,type,Wnt,FGF,TrackID
0,0.04003,0.10171,1.13219,b,0.3412903695687899,0.185486310693419,1000092044.0
