,g1,g2,g3,type,Wnt,FGF,TrackID
0,0.03291,0.10004,1.29046,b,0.5872620060590019,0.1885583539867896,1000093022.0
