,g1,g2,g3,type,Wnt,FGF,TrackID
0,0.03759,0.11081,1.1771,b,0.4386610821179005,0.2724180020958014,1000108256.0
