,g1,g2,g3,type,Wnt,FGF,TrackID
0,0.02583,0.13028,1.49669,b,1.0249668714647786,0.4330294528072109,1000108656.0
