,g1,g2,g3,type,Wnt,FGF,TrackID
0,0.02272,0.09179,1.64044,b,1.1875196033928688,0.090534981403483,1000096363.0
