,g1,g2,g3,type,Wnt,FGF,TrackID
0,0.03025,0.09173,1.36725,b,0.6845516652774272,0.1096651645480962,1000093096.0
