,g1,g2,g3,type,Wnt,FGF,TrackID
0,0.04255,0.10997,1.08267,b,0.2904716458185019,0.2506835530822539,1000096142.0
