,g1,g2,g3,type,Wnt,FGF,TrackID
0,0.03798,0.0911,1.17822,b,0.3743857327514528,0.0860539881007303,1000092812.0
