,g1,g2,g3,type,Wnt,FGF,TrackID
0,0.03042,0.09764,1.35946,b,0.6938030146232022,0.1694310313226604,1000096285.0
