,g1,g2,g3,type,Wnt,FGF,TrackID
0,0.02565,0.11993,1.50699,b,1.0203625462759345,0.3581432446787092,1000108357.0
