,g1,g2,g3,type,Wnt,FGF,TrackID
0,0.038,0.11856,1.16533,b,0.4404441952319456,0.3329900510189166,1000096170.0
