,g1,g2,g3,type,Wnt,FGF,TrackID
0,0.03061,0.11733,1.34525,b,0.7294629494459852,0.3400681589132056,1000108463.0
