,g1,g2,g3,type,Wnt,FGF,TrackID
0,0.03072,0.10049,1.34928,b,0.6866037502278445,0.1964445184648677,1000108412.0
