,g1,g2,g3,type,Wnt,FGF,TrackID
0,0.03258,0.11682,1.29169,b,0.6389428943919051,0.3329325054262801,1000108648.0
