,g1,g2,g3,type,Wnt,FGF,TrackID
0,0.02826,0.09854,1.42506,b,0.809956724342856,0.1793316448075158,1000108263.0
