,g1,g2,g3,type,Wnt,FGF,TrackID
0,0.0462,0.11463,1.02114,b,0.2104446475009215,0.2776800265938181,1000093148.0
