,g1,g2,g3,type,Wnt,FGF,TrackID
0,0.05652,0.10814,0.88804,b,0.0,0.192031998500827,1000092859.0
