,g1,g2,g3,type,Wnt,FGF,TrackID
0,0.03983,0.11586,1.13006,b,0.3788009692426787,0.3067877318421368,1000096247.0
