,g1,g2,g3,type,Wnt,FGF,TrackID
0,0.04572,0.11114,1.03005,b,0.2145105372939366,0.2506835530822539,1000096097.0
