,g1,g2,g3,type,Wnt,FGF,TrackID
0,0.03609,0.10013,1.21417,b,0.4643545664123154,0.1818465519591607,1000092967.0
