,g1,g2,g3,type,Wnt,FGF,TrackID
0,0.02553,0.10074,1.51959,b,0.9876924280257228,0.1962617229146028,1000096055.0
