,g1,g2,g3,type,Wnt,FGF,TrackID
0,0.04208,0.10467,1.09326,b,0.2910300933322413,0.2062308852577036,1000108297.0
