,g1,g2,g3,type,Wnt,FGF,TrackID
0,0.03218,0.1027,1.30829,b,0.6255342997980715,0.2147073203729871,1000096293.0
