,g1,g2,g3,type,Wnt,FGF,TrackID
0,0.02855,0.10979,1.41054,b,0.8207762366218765,0.2806999710883321,1000096329.0
