,g1,g2,g3,type,Wnt,FGF,TrackID
0,0.04053,0.10051,1.12325,b,0.3235621103387637,0.1727229357148088,1000096291.0
