,g1,g2,g3,type,Wnt,FGF,TrackID
0,0.04093,0.10688,1.11294,b,0.3277678080728349,0.2291921867221474,1000093143.0
