,g1,g2,g3,type,Wnt,FGF,TrackID
0,0.05685,0.11062,0.88329,b,0.0,0.2121853027631116,1000092817.0
