,g1,g2,g3,type,Wnt,FGF,TrackID
0,0.02535,0.09273,1.53028,b,0.9779500052999548,0.1162960230763825,1000092969.0
