,g1,g2,g3,type,Wnt,FGF,TrackID
0,0.04538,0.11804,1.03256,b,0.2359299386432843,0.3069139104737859,1000096371.0
