,g1,g2,g3,type,Wnt,FGF,TrackID
0,0.04631,0.10244,1.02459,b,0.180911836549548,0.1728175696885457,1000092856.0
