,g1,g2,g3,type,Wnt,FGF,TrackID
0,0.03547,0.08759,1.23466,b,0.4490119557716849,0.0544620132015493,1000091997.0
