,g1,g2,g3,type,Wnt,FGF,TrackID
0,0.04304,0.09702,1.08006,b,0.2458203380313537,0.1314653856059086,1000092957.0
