,g1,g2,g3,type,Wnt,FGF,TrackID
0,0.03876,0.11758,1.1504,b,0.4147066229759197,0.3233223695222679,1000096409.0
