,g1,g2,g3,type,Wnt,FGF,TrackID
0,0.03578,0.09994,1.22118,b,0.474886690574945,0.1809045325650751,1000092965.0
