,g1,g2,g3,type,Wnt,FGF,TrackID
0,0.04085,0.10581,1.11502,b,0.3277678080728349,0.2201187842280582,1000093090.0
