,g1,g2,g3,type,Wnt,FGF,TrackID
0,0.03962,0.11277,1.13528,b,0.3788009692426787,0.2826520438601421,1000096134.0
