,g1,g2,g3,type,Wnt,FGF,TrackID
0,0.02283,0.09542,1.63335,b,1.1875196033928688,0.1291965624842919,1000096166.0
