,g1,g2,g3,type,Wnt,FGF,TrackID
0,0.03138,0.08614,1.3383,b,0.6120002511851783,0.0466073933813835,1000092000.0
