,g1,g2,g3,type,Wnt,FGF,TrackID
0,0.02438,0.0958,1.56689,b,1.0588464380999427,0.1436127937313043,1000096416.0
