,g1,g2,g3,type,Wnt,FGF,TrackID
0,0.03287,0.08992,1.29656,b,0.5591681771879876,0.0862338483355388,1000096122.0
