,g1,g2,g3,type,Wnt,FGF,TrackID
0,0.03247,0.13065,1.2896,b,0.6671102031989375,0.4336660653364659,1000108757.0
