,g1,g2,g3,type,Wnt,FGF,TrackID
0,0.0453,0.11696,1.0343,b,0.2359299386432843,0.2988700227061462,1000096367.0
