,g1,g2,g3,type,Wnt,FGF,TrackID
0,0.03936,0.11906,1.13791,b,0.3989035380695742,0.3329325054262801,1000108410.0
