,g1,g2,g3,type,Wnt,FGF,TrackID
0,0.02777,0.13931,1.42553,b,0.9149263750919192,0.4948929661168426,1000108655.0
