,g1,g2,g3,type,Wnt,FGF,TrackID
0,0.0243,0.09394,1.57131,b,1.060188671597878,0.1242721865263466,1000096323.0
