,g1,g2,g3,type,Wnt,FGF,TrackID
0,0.02284,0.187,1.60278,b,1.3058100537264024,0.7327993889375024,1000108473.0
