,g1,g2,g3,type,Wnt,FGF,TrackID
0,0.03666,0.10183,1.20092,b,0.4490119557716849,0.1962329501182846,1000093145.0
