,g1,g2,g3,type,Wnt,FGF,TrackID
0,0.0253,0.09078,1.53337,b,0.9757994144120083,0.0954418446154623,1000092161.0
