,g1,g2,g3,type,Wnt,FGF,TrackID
0,0.0254,0.09396,1.52769,b,0.9779500052999548,0.1291965624842919,1000093100.0
