,g1,g2,g3,type,Wnt,FGF,TrackID
0,0.02584,0.09383,1.51118,b,0.9469217995567984,0.1291965624842919,1000096237.0
