,g1,g2,g3,type,Wnt,FGF,TrackID
0,0.03769,0.10204,1.17872,b,0.4147066229759197,0.1952950256487818,1000096116.0
