,g1,g2,g3,type,Wnt,FGF,TrackID
0,0.03195,0.10669,1.31244,b,0.6449731478078108,0.2506835530822539,1000096173.0
