,g1,g2,g3,type,Wnt,FGF,TrackID
0,0.04036,0.10565,1.12415,b,0.3412903695687899,0.2201187842280582,1000092269.0
