,g1,g2,g3,type,Wnt,FGF,TrackID
0,0.04185,0.11268,1.09386,b,0.3149233191942067,0.2753061632456488,1000096255.0
