,g1,g2,g3,type,Wnt,FGF,TrackID
0,0.02413,0.14351,1.55867,b,1.1656715690834138,0.5123663192053656,1000108654.0
