,g1,g2,g3,type,Wnt,FGF,TrackID
0,0.03231,0.09127,1.31027,b,0.5872620060590019,0.1017632277410619,1000092863.0
