,g1,g2,g3,type,Wnt,FGF,TrackID
0,0.03819,0.11102,1.16445,b,0.4194019773220639,0.2724180020958014,1000108188.0
