,g1,g2,g3,type,Wnt,FGF,TrackID
0,0.02547,0.09911,1.52264,b,0.9876924280257228,0.1806248725218431,1000096411.0
