,g1,g2,g3,type,Wnt,FGF,TrackID
0,0.05541,0.1004,0.9043,b,0.0,0.1254217211752963,1000092754.0
