,g1,g2,g3,type,Wnt,FGF,TrackID
0,0.02804,0.09788,1.43258,b,0.8207762366218765,0.1728333420175018,1000096252.0
