,g1,g2,g3,type,Wnt,FGF,TrackID
0,0.04611,0.1157,1.02206,b,0.2145105372939366,0.2864195629340026,1000096426.0
