,g1,g2,g3,type,Wnt,FGF,TrackID
0,0.05911,0.13132,0.85082,b,0.0,0.3619908831886834,1000093093.0
