,g1,g2,g3,type,Wnt,FGF,TrackID
0,0.02083,0.09457,1.7303,b,1.3872625628027384,0.0954418446154623,1000095749.0
