,g1,g2,g3,type,Wnt,FGF,TrackID
0,0.04085,0.11196,1.11236,b,0.3412903695687899,0.2724180020958014,1000108190.0
