,g1,g2,g3,type,Wnt,FGF,TrackID
0,0.03545,0.10906,1.22463,b,0.5090303675114697,0.2634138272127071,1000108196.0
