,g1,g2,g3,type,Wnt,FGF,TrackID
0,0.02822,0.10376,1.42388,b,0.8255468215916117,0.2280364933640486,1000108260.0
