,g1,g2,g3,type,Wnt,FGF,TrackID
0,0.02331,0.08874,1.61557,b,1.1249881778412565,0.0623166330217152,1000096365.0
