,g1,g2,g3,type,Wnt,FGF,TrackID
0,0.04583,0.11242,1.02773,b,0.2145105372939366,0.2609359214656182,1000096187.0
