,g1,g2,g3,type,Wnt,FGF,TrackID
0,0.05599,0.10437,0.89567,b,0.0,0.1603388867112704,1000092661.0
