,g1,g2,g3,type,Wnt,FGF,TrackID
0,0.02821,0.09787,1.42698,b,0.8109142749669584,0.1728333420175018,1000096379.0
