,g1,g2,g3,type,Wnt,FGF,TrackID
0,0.02732,0.13584,1.44148,b,0.9366542860671644,0.4724287305396892,1000108584.0
