,g1,g2,g3,type,Wnt,FGF,TrackID
0,0.03149,0.11011,1.3236,b,0.6736574281135748,0.2806999710883321,1000096382.0
