,g1,g2,g3,type,Wnt,FGF,TrackID
0,0.02173,0.19433,1.65304,b,1.4129682937531567,0.7553374406053666,1000108530.0
