,g1,g2,g3,type,Wnt,FGF,TrackID
0,0.03343,0.09769,1.27831,b,0.5591681771879876,0.1648919743880772,1000096241.0
