,g1,g2,g3,type,Wnt,FGF,TrackID
0,0.05162,0.09868,0.95167,b,0.0620470180494709,0.1207043597828839,1000096168.0
