,g1,g2,g3,type,Wnt,FGF,TrackID
0,0.03779,0.08927,1.18298,b,0.3743857327514528,0.0668129122788057,1000092155.0
