,g1,g2,g3,type,Wnt,FGF,TrackID
0,0.05861,0.12604,0.85803,b,0.0,0.3265253409558434,1000093091.0
