,g1,g2,g3,type,Wnt,FGF,TrackID
0,0.05587,0.10354,0.89743,b,0.0,0.1531313012335492,1000092701.0
