,g1,g2,g3,type,Wnt,FGF,TrackID
0,0.03217,0.11094,1.30492,b,0.6449731478078108,0.2864195629340026,1000096381.0
