,g1,g2,g3,type,Wnt,FGF,TrackID
0,0.03395,0.10586,1.26168,b,0.5591681771879876,0.2394065309938155,1000092968.0
