,g1,g2,g3,type,Wnt,FGF,TrackID
0,0.03515,0.08862,1.24149,b,0.4643545664123154,0.0667841394824874,1000092864.0
