,g1,g2,g3,type,Wnt,FGF,TrackID
0,0.0322,0.08979,1.31394,b,0.5872620060590019,0.0860539881007303,1000092766.0
