,g1,g2,g3,type,Wnt,FGF,TrackID
0,0.04297,0.09639,1.08155,b,0.2458203380313537,0.1254217211752963,1000092810.0
