,g1,g2,g3,type,Wnt,FGF,TrackID
0,0.04013,0.10291,1.12968,b,0.3412903695687899,0.1962329501182846,1000092205.0
