,g1,g2,g3,type,Wnt,FGF,TrackID
0,0.05697,0.11162,0.88145,b,0.0,0.2201345565570144,1000096164.0
