,g1,g2,g3,type,Wnt,FGF,TrackID
0,0.02923,0.14335,1.37735,b,0.838278728164999,0.5197299450792019,1000108758.0
