,g1,g2,g3,type,Wnt,FGF,TrackID
0,0.02439,0.09634,1.56652,b,1.060188671597878,0.1490959869384867,1000096415.0
