,g1,g2,g3,type,Wnt,FGF,TrackID
0,0.05326,0.11525,0.92367,b,0.0693668002444716,0.2609359214656182,1000096179.0
