,g1,g2,g3,type,Wnt,FGF,TrackID
0,0.0469,0.09536,1.01921,b,0.1490325663079886,0.1027789076766155,1000096057.0
