,g1,g2,g3,type,Wnt,FGF,TrackID
0,0.02373,0.1731,1.56765,b,1.223683978569898,0.6725606476189019,1000108531.0
