,g1,g2,g3,type,Wnt,FGF,TrackID
0,0.02567,0.1007,1.51439,b,0.9779500052999548,0.1962617229146028,1000096207.0
