,g1,g2,g3,type,Wnt,FGF,TrackID
0,0.0256,0.12071,1.5085,b,1.0250383818078317,0.363874275708071,1000108587.0
