,g1,g2,g3,type,Wnt,FGF,TrackID
0,0.02733,0.13343,1.442,b,0.9328871317772944,0.4565933122677086,1000108716.0
