,g1,g2,g3,type,Wnt,FGF,TrackID
0,0.05514,0.09867,0.90828,b,0.0,0.1096020752322715,1000092667.0
