,g1,g2,g3,type,Wnt,FGF,TrackID
0,0.04573,0.10937,1.03059,b,0.2104446475009215,0.2358122515394337,1000093099.0
