,g1,g2,g3,type,Wnt,FGF,TrackID
0,0.03207,0.08802,1.31846,b,0.5872620060590019,0.0668129122788057,1000092860.0
