,g1,g2,g3,type,Wnt,FGF,TrackID
0,0.02352,0.09448,1.60364,b,1.1249881778412565,0.1251385120697888,1000095753.0
